{
  "IcoMoonType": "selection",
  "icons": [
    {
      "icon": {
        "paths": [
          "M1024 512c0 141.384-57.308 269.384-149.962 362.038s-220.654 149.962-362.038 149.962c-141.384 0-269.385-57.308-362.039-149.962s-149.961-220.654-149.961-362.038c0-141.384 57.308-269.385 149.961-362.039s220.655-149.961 362.039-149.961c141.384 0 269.384 57.308 362.038 149.961s149.962 220.655 149.962 362.039z",
          "M614.323 306.816h56.090v-97.69c-9.677-1.331-42.957-4.326-81.715-4.326-80.87 0-136.269 50.867-136.269 144.358v86.042h-89.242v109.21h89.242v274.79h109.414v-274.765h85.632l13.594-109.21h-99.251v-75.238c0.026-31.565 8.525-53.171 52.506-53.171z"
        ],
        "attrs": [
          {
            "fill": "rgb(77, 90, 229)"
          },
          {
            "fill": "rgb(244, 244, 253)"
          }
        ],
        "isMulticolor": true,
        "isMulticolor2": false,
        "grid": 0,
        "tags": [
          "Ellipse"
        ],
        "colorPermutations": {
          "244244253177902291": [
            {
              "f": 0
            },
            {
              "f": 1
            }
          ]
        }
      },
      "attrs": [
        {
          "fill": "rgb(77, 90, 229)"
        },
        {
          "fill": "rgb(244, 244, 253)"
        }
      ],
      "properties": {
        "order": 10,
        "id": 0,
        "name": "Ellipse",
        "prevSize": 32
      },
      "setIdx": 0,
      "setId": 2,
      "iconIdx": 0
    }
  ],
  "height": 1024,
  "preferences": {
    "showGlyphs": true,
    "showQuickUse": true,
    "showQuickUse2": true,
    "showSVGs": true,
    "fontPref": {
      "prefix": "icon-",
      "metadata": {
        "fontFamily": "icomoon",
        "majorVersion": 1,
        "minorVersion": 0
      },
      "metrics": {
        "emSize": 1024,
        "baseline": 6.25,
        "whitespace": 50
      },
      "embed": false,
      "hideFormats": false
    },
    "imagePref": {
      "prefix": "icon-",
      "png": false,
      "useClassSelector": true,
      "color": 0,
      "bgColor": 16777215,
      "classSelector": ".icon",
      "name": "icomoon",
      "height": 32,
      "columns": 16,
      "margin": 16,
      "minifyJs": false,
      "sprite": false,
      "addTitleTags": true,
      "numPrefix": false
    },
    "historySize": 50,
    "showCodes": true,
    "gridSize": 16
  }
}